<configs>
<append xpath="/items">

<item name="vehicleGuppyBoat2Placeable">
	<property name="Tags" value="vehicle"/>
	<property name="DescriptionKey" value="vehiclePlaceableGroupDesc"/>
	<property name="HoldType" value="7"/>
	<property name="CustomIcon" value="flatBoat"/>
	<property name="HoldingItemHidden" value="true"/>
	<property name="Meshfile" value="#@modfolder:Resources/guppyBoatsforRagsyv2.unity3d?vehicleGuppyBoat2"/>
	<property name="DropMeshfile" value="Items/Misc/sack_droppedPrefab"/>
	<property name="Material" value="Mmetal"/>
	<property name="EconomicValue" value="1000"/>
	<property name="SellableToTrader" value="false"/>
	<property class="Action1">
		<property name="Class" value="SpawnVehicle"/>
		<property name="Vehicle" value="vehicleGuppyBoat2"/>
	</property>
	<effect_group name="Base Effects">
		<passive_effect name="DegradationMax" operation="base_set" value="1500,3000" tier="1,6"/>
	</effect_group>
</item>
</append>
</configs>
