<configs>

	<append xpath="/vehicles">
	<vehicle name="vehicleGuppyBoat2">
 	<property name="cameraDistance" value="4.3, 4.7"/>
	<property name="cameraTurnRate" value=".2, .35"/>
	
	<property name="motorTorqueMinQ" value="1"/>
	<property name="motorTorqueMaxQ" value="2"/>
	<property name="brakeTorque" value="1"/>
	
	<property name="steerRate" value="130"/>
	<property name="steerCenteringRate" value="110"/>
		
		<property name="upAngleMax" value="80"/>
		<property name="tiltAngleMax" value="1"/>
		<property name="tiltUpForce" value="2"/>
		<property name="unstickForce" value="0"/>
	
	<property name="wheelPtlScale" value="1"/>
	<property name="velocityMax" value="1.5, 6.5"/>	
	<property name="waterLift_y_depth_force" value=".3, .87, .3"/>
	
	<property name="hornSound" value="vehicle/minibike/minibike_horn"/>
	
	<property class="RepairItems">
	<property name="resourceRepairKit" value="3"/>
	</property>

	<property class="chassis">
		<property name="class" value="Chassis"/>
		<property name="display_name" value="chassis"/>
		<property name="slot_type" value="chassis"/>
		<property name="mesh" value="chassis"/>
		<property name="transform" value="Origin"/>
		<property name="part_damage_reduction" value="0.5"/>
	</property>

	<property class="engine">
			<property name="class" value="Engine"/>
			<property name="slot_type" value="engine"/>
			<property name="mesh" value="engine_small"/>
			<property name="transform" value="engine_small"/>
			<property name="particle_transform" value="engine_small/MinibikeParticles/p_engine_fire"/>
			<property name="fuelKmPerL" value="1400"/>
			<property name="gear1" value="
								500,2500, -1400,800,0, 1500,9999,9999,
								Vehicles/Minibike/minibike_accel_OFF,
								,
								0, .5,  .45, .1,  -9, .1, .1, Vehicles/Minibike/minibike_idle_lp_,
								-.1, .1,  .65, .7,  0, 9, .1, Vehicles/Minibike/minibike_run_lp_
								"/>
			<property name="sound_start" value="Vehicles/Minibike/minibike_start_"/>
			<property name="sound_shut_off" value="Vehicles/Minibike/minibike_shutoff_"/>
			<property name="sound_no_fuel_shut_off" value="Vehicles/Minibike/minibike_empty_"/>
			<property name="parent_part" value="chassis"/>
		</property>
				
		<property class="motor0">
			<property name="engine" value="engine"/>
			<property name="transform" value="Origin/TopPropellerJoint"/>
			<property name="axis" value="1"/>
		</property>

		<property class="motor1">
			<property name="engine" value="engine"/>
			<property name="transform" value="Origin/BackPropellerJoint"/>
			<property name="axis" value="2"/>
		</property> 
		
		<property class="force0">
			<property name="trigger" value="motor0"/>
			<property name="type" value="relative"/>
			<property name="force" value="0, .0019, 0"/> 
			<property name="ceiling" value="0, 0"/>
		</property>
		
		<property class="force1">
			<property name="trigger" value="motor1"/>
			<property name="type" value="relative"/>
			<property name="force" value="0, 0,.060"/>
		</property>

		<property class="force2">
			<property name="trigger" value="inputForward"/>
			<property name="type" value="relative"/>
			<property name="force" value="0 ,0, 0.079"/>
		</property>

		<property class="force3">
			<property name="trigger" value="inputStrafe"/>
			<property name="type" value="relativeTorque"/>
			<property name="force" value="0, .003, 0"/>
		</property>

		<property class="force4">
			<property name="trigger" value="inputUp"/>
			<property name="type" value="relativeTorque"/>
			<property name="force" value="-.001, 0, 0"/> 
		</property>

		<property class="force5">
			<property name="trigger" value="inputDown"/>
			<property name="type" value="relativeTorque"/>
			<property name="force" value=".001, 0, 0"/> 
		</property>
		
		<property class="fuelTank">
			<property name="class" value="FuelTank"/>
			<property name="parent_part" value="engine"/>
			<property name="capacity" value="20"/>
		</property>

		<property class="handlebars">
			<property name="class" value="Steering"/>
			<property name="slot_type" value="handlebars"/>
			<property name="mesh" value="handlebar"/>
			<property name="transform" value="Origin/steering_joint"/>
			<property name="IKHandLPosition" value="-.53, -.43, -.62"/> 
			<property name="IKHandLRotation" value="47.305, -15.59375, 8.861643"/> 
			<property name="IKHandRPosition" value="0, -.75, -.71"/>  
			<property name="IKHandRRotation" value="49, 0, 0"/> 
			<property name="parent_part" value="chassis"/>
		</property>
		
		<property class="seat0">
			<property name="position" value=" -.37, .18, -.8"/>
			<property name="rotation" value="-39, 0,  5.1"/> 
			<property name="exit" value="-1,0,0 ~ 1,0,0 ~ 0,0,-1.5 ~ 0,0,1.6 ~ 0,1.5,0"/>
		</property>
		
		<property class="wheel0">
			<property name="steerTransform" value="Origin/handlebar_joint"/>
		</property>

		<property class="wheel1">
			<property name="steerTransform" value="Origin/handlebar_joint"/>    
		</property>
   
		<property class="wheel2">
			<property name="parent_part" value="chassis"/>
		</property>

		<property class="wheel3">
			<property name="parent_part" value="chassis"/>
		</property> 

		<property class="storage">
			<property name="class" value="Storage"/>
			<property name="display_name" value="basket"/>
			<property name="slot_type" value="basket"/>
			<property name="mesh" value="basket"/>
			<property name="transform" value="basket"/>
			<property name="parent_part" value="chassis"/>
		</property>

	</vehicle>
	</append>
	</configs>
	
